id;name;email;phone_number;deployment_region;subdomain;implementation_manager_email;is_active;created_by;created_at;updated_by;updated_at
1;Tugrik Steel;Sierra_Johnston78@hotmail.com;website pixel;Ohio;Inverse;Cotton Tactics microchip;true;distributed;2021-05-09;Sharable Keyboard;2021-05-10
2;Bedfordshire benchmark Plastic;Napoleon.Koepp58@gmail.com;empower Bedfordshire cutting-edge;Mumbai;object-oriented Program;purple;false;matrix next-generation;2021-05-09;generation;2021-05-10
3;Cambridgeshire Berkshire;Darlene_Douglas69@gmail.com;Rhode calculate;Ohio;Architect Creative West;systems TCP haptic;false;Security;2021-05-10;View methodologies;2021-05-10
4;Kids Texas;Reid.Hilpert14@yahoo.com;Shirt Quetzal explicit;Ohio;Litas;Designer Chief Burundi;false;Shoes withdrawal;2021-05-10;Steel;2021-05-09
5;Web Consultant West;Kimberly49@gmail.com;Adaptive Card Steel;Ohio;optimizing Bike Investor;Rial iterate enterprise;true;parsing Unbranded solutions;2021-05-10;cross-media Fresh up;2021-05-10
6;transmitting yellow;Boyd68@hotmail.com;hack;Ohio;Georgia parsing;clear-thinking;false;executive overriding Rustic;2021-05-10;copying;2021-05-10
7;District;Carlee_Wunsch@gmail.com;transmitting Administrator Massachusetts;Ohio;Chair;Handcrafted throughput Cambridgeshire;true;focus Oklahoma Ouguiya;2021-05-10;Berkshire;2021-05-09
8;Fish;Ayana_Block@hotmail.com;Fantastic Global programming;Ohio;transmitting optimize;Chicken Mouse invoice;false;Account repurpose Metrics;2021-05-09;visualize;2021-05-09
9;Ameliorated B2C;Norma.Huel72@yahoo.com;Cotton;Ohio;Garden Metal Rustic;virtual;false;quantifying;2021-05-09;local;2021-05-09
10;Executive;Kareem_Kozey84@hotmail.com;Handmade;Mumbai;array parsing full-range;SAS;true;Tools TCP actuating;2021-05-09;Buckinghamshire Human;2021-05-09
