id;code;name;description;country;state;address;file_upload_path;is_active;created_by;created_at;updated_by;updated_at
1;white invoice bandwidth-monitored;models Books;Intelligent Forward;India;Wisconsin;Bedfordshire;Mauritania Awesome Loan;true;FTP Peso;2021-05-09;granular;2021-05-09
2;Solutions engineer;card payment;customized sensor;US;Delaware;tan well-modulated;firewall;true;parse synergies Indiana;2021-05-09;interface;2021-05-10
3;Response Benin Loan;Soft;viral;US;Wyoming;digital copying;Engineer;false;North Tuna copy;2021-05-09;bandwidth mobile Chicken;2021-05-09
4;Towels Saint Mills;PCI;synthesize invoice;US;Hawaii;lime;Rustic olive Loan;true;Peru modular;2021-05-10;quantifying;2021-05-09
5;back-end;empower Books;application Principal;US;Alabama;azure;hack;true;Mountain SCSI Director;2021-05-09;frictionless;2021-05-09
6;network Dynamic;supply-chains applications indexing;Mouse;India;Oklahoma;invoice;group;true;cultivate User;2021-05-10;Reduced;2021-05-09
7;Principal Mountain indexing;Rustic Soap Rubber;Generic;India;Hawaii;Cambridgeshire;Optimized overriding;true;XSS Implementation;2021-05-10;intuitive withdrawal;2021-05-09
8;Bacon;application Secured Nebraska;engine digital Saint;US;Maine;Small;Heights Concrete moderator;false;Dollar;2021-05-09;Soft Regional blockchains;2021-05-09
9;scale;red copying Games;Bacon Taka Switchable;US;Illinois;indexing Plastic;Borders visionary Small;true;real-time Pizza Grocery;2021-05-10;Shoes copy target;2021-05-09
10;User-centric;Sausages matrix wireless;auxiliary Central;US;Alabama;orchid bifurcated;Iraqi quantifying Fresh;true;Metal;2021-05-10;Advanced Swedish;2021-05-10
